One-Third Octave Band Frequency (Hz),,,,,,,,,,,,,,,,,,,,
Nondetectability Distance (meters),5,10,15,20,25,30,100,200,300,400,500,750,1000,1250,1500,2000,3000,4000,5000,6000
50,48,53,56,59,61,62,62,68,71,74,66,70,73,75,76,79,84,87,90,92
63,44,50,53,56,58,59,59,65,69,71,64,68,71,73,75,78,83,87,91,94
80,44,49,53,55,57,58,60,66,69,72,65,69,72,75,77,81,87,93,97,101
100,41,46,50,52,54,56,59,65,69,72,65,70,73,77,79,84,92,99,104,107
125,37,41,45,47,49,51,58,64,69,72,65,71,76,80,83,89,98,102,105,106
160,36,39,42,44,46,48,55,63,68,72,66,73,79,84,89,93,97,99,101,102
200,41,42,45,47,49,51,52,61,67,72,68,78,82,85,87,89,92,94,96,98
250,47,44,47,49,51,53,50,61,69,76,71,76,79,80,82,83,86,89,91,93
315,44,46,47,50,52,54,50,63,71,75,68,71,73,74,75,77,81,83,86,88
400,29,43,43,45,48,50,51,62,66,68,62,64,66,67,69,71,75,78,81,84
500,26,42,47,49,51,54,54,62,64,66,55,58,60,61,63,65,70,73,77,80
630,27,37,45,49,52,54,55,63,67,68,53,56,58,60,61,64,69,74,78,82
800,30,31,37,41,44,47,54,63,66,68,54,57,59,61,63,66,72,77,82,87
1000,25,29,33,37,40,42,50,59,63,65,54,57,60,62,64,68,74,80,86,91
1250,23,31,32,34,37,39,42,52,57,59,54,57,60,62,65,69,76,83,90,96
1600,22,31,32,32,33,35,36,46,51,54,52,56,59,62,64,69,78,87,95,NA
2000,21,25,35,32,31,32,36,47,52,55,50,54,58,62,65,71,82,93,NA,NA
2500,18,26,26,36,32,31,28,39,45,48,46,52,56,60,64,72,86,NA,NA,NA
3150,16,21,24,27,36,34,29,40,46,50,41,47,53,59,64,74,94,NA,NA,NA
4000,15,21,25,25,27,34,25,37,44,49,40,49,57,64,72,86,NA,NA,NA,NA
5000,12,18,22,27,24,25,23,35,43,50,48,60,71,82,92,NA,NA,NA,NA,NA
6300,15,20,23,25,31,30,27,40,50,58,56,73,89,NA,NA,NA,NA,NA,NA,NA
8000,23,30,33,35,37,39,40,54,67,78,79,NA,NA,NA,NA,NA,NA,NA,NA,NA
10000,25,31,35,37,39,42,47,64,81,96,NA,NA,NA,NA,NA,NA,NA,NA,NA,NA
Measurement Distance (meters),2,2,2,2,2,2,10,10,10,10,30,30,30,30,30,30,30,30,30,30